"owner","is_accepted","score","last_activity_date","last_edit_date","creation_date","answer_id","question_id","content_license"
"{""account_id"":21378898,""reputation"":535,""user_id"":15745153,""user_type"":""registered"",""profile_image"":""https://lh4.googleusercontent.com/-V8kUa8Pjqoc/AAAAAAAAAAI/AAAAAAAAAAA/AMZuucmghPSjBY-cre5AzoBtvq33wMvN7g/s96-c/photo.jpg?sz=128"",""display_name"":""Jyothi Kiranmayi"",""link"":""https://stackoverflow.com/users/15745153/jyothi-kiranmayi""}",false,0,1633917854,1633917854,1633683169,69493128,69479664,"CC BY-SA 4.0"
"{""account_id"":17960070,""reputation"":390,""user_id"":13051247,""user_type"":""registered"",""profile_image"":""https://lh3.googleusercontent.com/a-/AOh14Gj8SW3bWH2QFNl2z5C9rgaMoGSaQHWkRLXlI14I-A=k-s128"",""display_name"":""Amit Singh"",""link"":""https://stackoverflow.com/users/13051247/amit-singh""}",true,1,1633917853,1633917853,1633847485,69512873,69512253,"CC BY-SA 4.0"
"{""account_id"":16923681,""reputation"":529,""user_id"":12239849,""user_type"":""registered"",""profile_image"":""https://lh3.googleusercontent.com/a-/AAuE7mCyEEuz1OKmEDg0MMCDTwdltSxsbwb_QvRjggYT=k-s128"",""display_name"":""flaxon"",""link"":""https://stackoverflow.com/users/12239849/flaxon""}",false,0,1633917831,,1633917831,69520310,69520278,"CC BY-SA 4.0"
"{""account_id"":14773232,""reputation"":14265,""user_id"":10669010,""user_type"":""registered"",""profile_image"":""https://i.stack.imgur.com/LsWex.png?s=128&g=1"",""display_name"":""Mister Jojo"",""link"":""https://stackoverflow.com/users/10669010/mister-jojo""}",false,0,1633917809,1633917809,1633915265,69520137,69520059,"CC BY-SA 4.0"
"{""account_id"":11434008,""reputation"":19313,""user_id"":8381946,""user_type"":""registered"",""profile_image"":""https://i.stack.imgur.com/YoUh4.jpg?s=128&g=1"",""display_name"":""Justin Bertram"",""link"":""https://stackoverflow.com/users/8381946/justin-bertram""}",false,0,1633917800,1633917800,1633719924,69500675,69417596,"CC BY-SA 4.0"
"{""account_id"":13701925,""reputation"":35,""user_id"":13105789,""user_type"":""registered"",""profile_image"":""https://www.gravatar.com/avatar/407fa07acc5e2c36f514315bb1652acf?s=128&d=identicon&r=PG&f=1"",""display_name"":""Swaraag"",""link"":""https://stackoverflow.com/users/13105789/swaraag""}",false,0,1633917795,1633917795,1633917487,69520282,55579102,"CC BY-SA 4.0"
"{""account_id"":3625712,""reputation"":39,""user_id"":3023411,""user_type"":""registered"",""profile_image"":""https://www.gravatar.com/avatar/bd71075440a990346f741b2256c03697?s=128&d=identicon&r=PG&f=1"",""display_name"":""CharleyM"",""link"":""https://stackoverflow.com/users/3023411/charleym""}",false,0,1633917782,,1633917782,69520307,69513238,"CC BY-SA 4.0"
"{""account_id"":22879649,""reputation"":166,""user_id"":17021429,""user_type"":""registered"",""profile_image"":""https://www.gravatar.com/avatar/f4206f3e6b5883362e5f4dff0532156f?s=128&d=identicon&r=PG"",""display_name"":""过过招"",""link"":""https://stackoverflow.com/users/17021429/%e8%bf%87%e8%bf%87%e6%8b%9b""}",false,0,1633917735,,1633917735,69520304,69520269,"CC BY-SA 4.0"
"{""account_id"":12208862,""reputation"":2291,""user_id"":8911175,""user_type"":""registered"",""profile_image"":""https://www.gravatar.com/avatar/2000c44d0ba4a2642e8846064a77ee34?s=128&d=identicon&r=PG&f=1"",""display_name"":""taurus05"",""link"":""https://stackoverflow.com/users/8911175/taurus05""}",false,0,1633917728,,1633917728,69520301,69520269,"CC BY-SA 4.0"
"{""account_id"":2461770,""reputation"":2045,""user_id"":2145789,""user_type"":""registered"",""accept_rate"":67,""profile_image"":""https://www.gravatar.com/avatar/c8942916c4014f0716cb41e9b2227314?s=128&d=identicon&r=PG&f=1"",""display_name"":""Abdulrahman Bres"",""link"":""https://stackoverflow.com/users/2145789/abdulrahman-bres""}",true,0,1633917722,1633917722,1542112438,53281105,53280640,"CC BY-SA 4.0"
"{""account_id"":8793364,""reputation"":666,""user_id"":6572223,""user_type"":""registered"",""profile_image"":""https://www.gravatar.com/avatar/552385f28bdeadfcd7cf5c0d493adb5b?s=128&d=identicon&r=PG"",""display_name"":""ワイきんぐ"",""link"":""https://stackoverflow.com/users/6572223/%e3%83%af%e3%82%a4%e3%81%8d%e3%82%93%e3%81%90""}",false,0,1633917721,1633917721,1633915918,69520174,69452740,"CC BY-SA 4.0"
"{""account_id"":5387283,""reputation"":321,""user_id"":4290781,""user_type"":""registered"",""profile_image"":""https://i.stack.imgur.com/mJh2b.jpg?s=128&g=1"",""display_name"":""Deep"",""link"":""https://stackoverflow.com/users/4290781/deep""}",true,1,1633917714,1633917714,1633892585,69518144,69498120,"CC BY-SA 4.0"
"{""account_id"":1910624,""reputation"":6794,""user_id"":2761513,""user_type"":""registered"",""profile_image"":""https://www.gravatar.com/avatar/84f5a678ef42b64f0c9131e8dffdfe8d?s=128&d=identicon&r=PG&f=1"",""display_name"":""samuelj90"",""link"":""https://stackoverflow.com/users/2761513/samuelj90""}",false,114,1633917713,1633917713,1500297862,45145514,9874382,"CC BY-SA 4.0"
"{""account_id"":6980933,""reputation"":180,""user_id"":5353889,""user_type"":""registered"",""accept_rate"":29,""profile_image"":""https://graph.facebook.com/1608440426040596/picture?type=large"",""display_name"":""Kadir Damene"",""link"":""https://stackoverflow.com/users/5353889/kadir-damene""}",false,0,1633917713,,1633917713,69520300,69520171,"CC BY-SA 4.0"
"{""account_id"":53433,""reputation"":1580,""user_id"":159695,""user_type"":""registered"",""accept_rate"":95,""profile_image"":""https://www.gravatar.com/avatar/9a066ca6db23fefc102c9ebe4382c577?s=128&d=identicon&r=PG"",""display_name"":""Galaxy"",""link"":""https://stackoverflow.com/users/159695/galaxy""}",false,0,1633917706,,1633917706,69520299,52560554,"CC BY-SA 4.0"
"{""account_id"":10357370,""reputation"":710,""user_id"":7638876,""user_type"":""registered"",""accept_rate"":100,""profile_image"":""https://www.gravatar.com/avatar/01a79e2b6e77f967229c8bc37cee2b1b?s=128&d=identicon&r=PG&f=1"",""display_name"":""student"",""link"":""https://stackoverflow.com/users/7638876/student""}",false,0,1633917686,,1633917686,69520297,69520269,"CC BY-SA 4.0"
"{""account_id"":22988648,""reputation"":1,""user_id"":17114479,""user_type"":""registered"",""profile_image"":""https://www.gravatar.com/avatar/8cbc8dc556538f4c8dae78aaa88729c8?s=128&d=identicon&r=PG"",""display_name"":""xueqiang"",""link"":""https://stackoverflow.com/users/17114479/xueqiang""}",false,0,1633917680,,1633917680,69520296,69520053,"CC BY-SA 4.0"
"{""account_id"":90365,""reputation"":132333,""user_id"":248823,""user_type"":""registered"",""accept_rate"":100,""profile_image"":""https://www.gravatar.com/avatar/6605deca5924e84df1a4847f607b87c6?s=128&d=identicon&r=PG"",""display_name"":""Marcin"",""link"":""https://stackoverflow.com/users/248823/marcin""}",false,0,1633917664,,1633917664,69520294,69519534,"CC BY-SA 4.0"
"{""account_id"":21935784,""reputation"":41,""user_id"":16217037,""user_type"":""registered"",""profile_image"":""https://i.stack.imgur.com/Tj6T7.jpg?s=128&g=1"",""display_name"":""Mr P"",""link"":""https://stackoverflow.com/users/16217037/mr-p""}",true,0,1633917660,,1633917660,69520293,69485359,"CC BY-SA 4.0"
"{""account_id"":22747936,""reputation"":1,""user_id"":16908474,""user_type"":""registered"",""profile_image"":""https://www.gravatar.com/avatar/d350b10a70e49af6f2282fbf619f0975?s=128&d=identicon&r=PG&f=1"",""display_name"":""qwieklrtof"",""link"":""https://stackoverflow.com/users/16908474/qwieklrtof""}",false,0,1633917557,,1633917557,69520289,69520153,"CC BY-SA 4.0"
"{""account_id"":55,""reputation"":136637,""user_id"":67,""user_type"":""registered"",""accept_rate"":91,""profile_image"":""https://www.gravatar.com/avatar/3e9f1629fd4cb4a5ce9fbd27b13e862d?s=128&d=identicon&r=PG"",""display_name"":""Rex M"",""link"":""https://stackoverflow.com/users/67/rex-m""}",true,306,1633917553,1633917553,1290659884,4273767,4273743,"CC BY-SA 4.0"
"{""account_id"":22630771,""reputation"":642,""user_id"":16808166,""user_type"":""registered"",""profile_image"":""https://www.gravatar.com/avatar/b0baf475ab04a522b64208a519d274d5?s=128&d=identicon&r=PG&f=1"",""display_name"":""Andrew-Harelson"",""link"":""https://stackoverflow.com/users/16808166/andrew-harelson""}",false,0,1633917549,1633917549,1633917200,69520257,69520183,"CC BY-SA 4.0"
"{""account_id"":18814845,""reputation"":39,""user_id"":13722247,""user_type"":""registered"",""profile_image"":""https://www.gravatar.com/avatar/6f09f952c06eeb90442d6681a28e937d?s=128&d=identicon&r=PG&f=1"",""display_name"":""Christian Potts"",""link"":""https://stackoverflow.com/users/13722247/christian-potts""}",false,0,1633917547,1633917547,1633917240,69520261,69520216,"CC BY-SA 4.0"
"{""account_id"":22071021,""reputation"":649,""user_id"":16331993,""user_type"":""registered"",""profile_image"":""https://i.stack.imgur.com/ajZkk.png?s=128&g=1"",""display_name"":""Adrain Zhu -MSFT"",""link"":""https://stackoverflow.com/users/16331993/adrain-zhu-msft""}",false,0,1633917541,,1633917541,69520288,69497439,"CC BY-SA 4.0"
"{""account_id"":22974711,""reputation"":1,""user_id"":17102528,""user_type"":""registered"",""profile_image"":""https://www.gravatar.com/avatar/20942c809e34ee0af574f3d855c7c0fa?s=128&d=identicon&r=PG"",""display_name"":""bojetx"",""link"":""https://stackoverflow.com/users/17102528/bojetx""}",false,0,1633917533,,1633917533,69520286,69516202,"CC BY-SA 4.0"
"{""account_id"":20142128,""reputation"":131,""user_id"":14771613,""user_type"":""registered"",""profile_image"":""https://i.stack.imgur.com/4zUUq.png?s=128&g=1"",""display_name"":""krmogi"",""link"":""https://stackoverflow.com/users/14771613/krmogi""}",false,0,1633917489,,1633917489,69520283,69520237,"CC BY-SA 4.0"
"{""account_id"":20622713,""reputation"":173,""user_id"":15139356,""user_type"":""registered"",""profile_image"":""https://lh3.googleusercontent.com/a-/AOh14GhEmIBBBCG5wXooMKrX58pq_H8HkAAQLsSSo2F5=k-s128"",""display_name"":""Abhinav Singhal"",""link"":""https://stackoverflow.com/users/15139356/abhinav-singhal""}",false,0,1633917479,,1633917479,69520281,69520237,"CC BY-SA 4.0"
"{""account_id"":19664045,""reputation"":36,""user_id"":14394901,""user_type"":""registered"",""profile_image"":""https://www.gravatar.com/avatar/a1bfd098fc01555fe55897380064fa54?s=128&d=identicon&r=PG&f=1"",""display_name"":""Adhitya Bagasmiwa Permana"",""link"":""https://stackoverflow.com/users/14394901/adhitya-bagasmiwa-permana""}",false,0,1633917429,,1633917429,69520277,69520234,"CC BY-SA 4.0"
"{""account_id"":2897023,""reputation"":1994,""user_id"":2682729,""user_type"":""registered"",""accept_rate"":71,""profile_image"":""https://i.stack.imgur.com/PZlkg.gif?s=128&g=1"",""display_name"":""typesanitizer"",""link"":""https://stackoverflow.com/users/2682729/typesanitizer""}",false,0,1633917391,,1633917391,69520275,69518655,"CC BY-SA 4.0"
"{""account_id"":22998862,""reputation"":1,""user_id"":17123147,""user_type"":""unregistered"",""profile_image"":""https://www.gravatar.com/avatar/290aa17854a85fd5a9ea7ffd9721a23e?s=128&d=identicon&r=PG"",""display_name"":""lewball"",""link"":""https://stackoverflow.com/users/17123147/lewball""}",false,0,1633917368,,1633917368,69520273,47642437,"CC BY-SA 4.0"
"{""account_id"":22994142,""reputation"":1,""user_id"":17119185,""user_type"":""registered"",""profile_image"":""https://www.gravatar.com/avatar/b7ba84ddfd7de61b2d304737c379bc39?s=128&d=identicon&r=PG&f=1"",""display_name"":""Anonymous"",""link"":""https://stackoverflow.com/users/17119185/anonymous""}",false,-2,1633917317,1633917317,1633879084,69516460,69516166,"CC BY-SA 4.0"
"{""account_id"":10263942,""reputation"":2063,""user_id"":7574461,""user_type"":""registered"",""profile_image"":""https://www.gravatar.com/avatar/29ec25627cf7fe592bfdc9687400e91f?s=128&d=identicon&r=PG"",""display_name"":""lucasnguyen17"",""link"":""https://stackoverflow.com/users/7574461/lucasnguyen17""}",false,0,1633917306,,1633917306,69520270,69519477,"CC BY-SA 4.0"
"{""account_id"":10830622,""reputation"":11,""user_id"":7965145,""user_type"":""registered"",""profile_image"":""https://www.gravatar.com/avatar/e4f7a74afb2a6c475b1218c6800fb42e?s=128&d=identicon&r=PG&f=1"",""display_name"":""PaddyM"",""link"":""https://stackoverflow.com/users/7965145/paddym""}",false,0,1633917296,,1633917296,69520268,69324452,"CC BY-SA 4.0"
"{""account_id"":13244605,""reputation"":414,""user_id"":9564132,""user_type"":""registered"",""profile_image"":""https://lh3.googleusercontent.com/-XdUIqdMkCWA/AAAAAAAAAAI/AAAAAAAAAAA/4252rscbv5M/photo.jpg?sz=128"",""display_name"":""Jaacko Torus"",""link"":""https://stackoverflow.com/users/9564132/jaacko-torus""}",false,0,1633917293,1633917293,1633916193,69520191,5484948,"CC BY-SA 4.0"
"{""account_id"":3131031,""reputation"":20492,""user_id"":2648811,""user_type"":""registered"",""accept_rate"":33,""profile_image"":""https://www.gravatar.com/avatar/ee5af60b10a2d5fd8c864437a2062f0a?s=128&d=identicon&r=PG"",""display_name"":""Green Cloak Guy"",""link"":""https://stackoverflow.com/users/2648811/green-cloak-guy""}",false,1,1633917287,,1633917287,69520264,69520237,"CC BY-SA 4.0"
"{""account_id"":3446506,""reputation"":145152,""user_id"":2887218,""user_type"":""registered"",""profile_image"":""https://i.stack.imgur.com/WL57j.png?s=128&g=1"",""display_name"":""jcalz"",""link"":""https://stackoverflow.com/users/2887218/jcalz""}",false,0,1633917213,,1633917213,69520260,69519665,"CC BY-SA 4.0"
"{""account_id"":6679362,""reputation"":512,""user_id"":5153063,""user_type"":""registered"",""accept_rate"":60,""profile_image"":""https://www.gravatar.com/avatar/6b69d8569532cfcc74468c599c20d20e?s=128&d=identicon&r=PG&f=1"",""display_name"":""Robert"",""link"":""https://stackoverflow.com/users/5153063/robert""}",false,0,1633917212,,1633917212,69520259,66383001,"CC BY-SA 4.0"
"{""account_id"":10594340,""reputation"":7534,""user_id"":7803650,""user_type"":""registered"",""profile_image"":""https://i.stack.imgur.com/WH7uu.png?s=128&g=1"",""display_name"":""Oswin Noetzelmann"",""link"":""https://stackoverflow.com/users/7803650/oswin-noetzelmann""}",false,0,1633917210,,1633917210,69520258,69519969,"CC BY-SA 4.0"
"{""account_id"":10684260,""reputation"":183,""user_id"":7875634,""user_type"":""registered"",""profile_image"":""https://i.stack.imgur.com/hpzIb.jpg?s=128&g=1"",""display_name"":""Dr oscar"",""link"":""https://stackoverflow.com/users/7875634/dr-oscar""}",true,0,1633917172,,1633917172,69520255,68387590,"CC BY-SA 4.0"
"{""account_id"":543749,""reputation"":63433,""user_id"":1435869,""user_type"":""registered"",""profile_image"":""https://i.stack.imgur.com/TrEd9.jpg?s=128&g=1"",""display_name"":""karakfa"",""link"":""https://stackoverflow.com/users/1435869/karakfa""}",false,0,1633917150,1633917150,1633909033,69519714,69518750,"CC BY-SA 4.0"
"{""account_id"":8368845,""reputation"":1847,""user_id"":6284581,""user_type"":""registered"",""accept_rate"":55,""profile_image"":""https://i.stack.imgur.com/IrC6b.png?s=128&g=1"",""display_name"":""Axis"",""link"":""https://stackoverflow.com/users/6284581/axis""}",false,0,1633917138,1633917138,1633916125,69520185,69473107,"CC BY-SA 4.0"
"{""account_id"":18513197,""reputation"":156,""user_id"":13487909,""user_type"":""registered"",""profile_image"":""https://lh3.googleusercontent.com/a-/AOh14GjNRQaRLVnayinz5DnrwUvmLPXP-CDGyZ-CM0KU=k-s128"",""display_name"":""PotSkill"",""link"":""https://stackoverflow.com/users/13487909/potskill""}",false,0,1633917096,,1633917096,69520252,69519525,"CC BY-SA 4.0"
"{""account_id"":4259939,""reputation"":398,""user_id"":3484557,""user_type"":""registered"",""profile_image"":""https://www.gravatar.com/avatar/6a704bc7f05fa9855942bad306159af1?s=128&d=identicon&r=PG"",""display_name"":""Nick Taras"",""link"":""https://stackoverflow.com/users/3484557/nick-taras""}",false,0,1633917083,,1633917083,69520251,69520060,"CC BY-SA 4.0"
"{""account_id"":5663283,""reputation"":898,""user_id"":4480248,""user_type"":""registered"",""profile_image"":""https://i.stack.imgur.com/GRqac.png?s=128&g=1"",""display_name"":""CodingMatters"",""link"":""https://stackoverflow.com/users/4480248/codingmatters""}",false,0,1633917038,1633917038,1633914363,69520072,14091183,"CC BY-SA 4.0"
"{""account_id"":22998709,""reputation"":1,""user_id"":17123022,""user_type"":""registered"",""profile_image"":""https://www.gravatar.com/avatar/ea5bc0e1af81c61bb2079c58d6ccc525?s=128&d=identicon&r=PG"",""display_name"":""Fabian B"",""link"":""https://stackoverflow.com/users/17123022/fabian-b""}",false,-1,1633917028,,1633917028,69520246,69520186,"CC BY-SA 4.0"
"{""account_id"":14738219,""reputation"":341,""user_id"":10643548,""user_type"":""registered"",""profile_image"":""https://www.gravatar.com/avatar/7152477a9e1b17884a5854cf71542da2?s=128&d=identicon&r=PG"",""display_name"":""Tjn25"",""link"":""https://stackoverflow.com/users/10643548/tjn25""}",false,0,1633917023,,1633917023,69520245,69520145,"CC BY-SA 4.0"
"{""account_id"":22903552,""reputation"":55,""user_id"":17041918,""user_type"":""registered"",""profile_image"":""https://lh3.googleusercontent.com/a/AATXAJwZJsy91YTxXxVOM80Sqko6m771-cNji3zlzYxs=k-s128"",""display_name"":""Yegor Sozonov"",""link"":""https://stackoverflow.com/users/17041918/yegor-sozonov""}",false,0,1633916983,,1633916983,69520243,69519973,"CC BY-SA 4.0"
"{""account_id"":13701925,""reputation"":35,""user_id"":13105789,""user_type"":""registered"",""profile_image"":""https://www.gravatar.com/avatar/407fa07acc5e2c36f514315bb1652acf?s=128&d=identicon&r=PG&f=1"",""display_name"":""Swaraag"",""link"":""https://stackoverflow.com/users/13105789/swaraag""}",false,0,1633916954,,1633916954,69520240,52744174,"CC BY-SA 4.0"
"{""account_id"":4637854,""reputation"":5800,""user_id"":6075331,""user_type"":""registered"",""profile_image"":""https://i.stack.imgur.com/QFjpj.png?s=128&g=1"",""display_name"":""Bravo Yeung"",""link"":""https://stackoverflow.com/users/6075331/bravo-yeung""}",false,0,1633916932,,1633916932,69520239,30239417,"CC BY-SA 4.0"
"{""account_id"":18650064,""reputation"":9188,""user_id"":13593736,""user_type"":""registered"",""profile_image"":""https://www.gravatar.com/avatar/a0dc7769b2f50bacd9a92f979521fdfe?s=128&d=identicon&r=PG&f=1"",""display_name"":""Yiyi You"",""link"":""https://stackoverflow.com/users/13593736/yiyi-you""}",false,0,1633916913,,1633916913,69520238,69497917,"CC BY-SA 4.0"